序号,成绩(秒),成绩(厘秒),状态,比赛
1,6.41,641,OK,SingaporeMini2023
2,7.05,705,OK,SingaporeMini2023
3,7.33,733,OK,SingaporeMini2023
4,6.70,670,OK,SingaporeMini2023
5,6.34,634,OK,SingaporeMini2023
6,6.19,619,OK,SingaporeMini2023
7,4.52,452,OK,SingaporeMini2023
8,6.93,693,OK,SingaporeMini2023
9,5.59,559,OK,SingaporeMini2023
10,5.83,583,OK,SingaporeMini2023
11,7.29,729,OK,SingaporeMini2023
12,6.36,636,OK,SingaporeMini2023
13,6.56,656,OK,SingaporeMini2023
14,6.40,640,OK,SingaporeMini2023
15,5.88,588,OK,SingaporeMini2023
16,6.42,642,OK,SingaporeMini2023
17,6.65,665,OK,SingaporeMini2023
18,8.06,806,OK,SingaporeMini2023
19,7.18,718,OK,SingaporeMini2023
20,6.75,675,OK,SingaporeMini2023
21,6.43,643,OK,HongKongChampionship2023
22,7.04,704,OK,HongKongChampionship2023
23,6.20,620,OK,HongKongChampionship2023
24,5.87,587,OK,HongKongChampionship2023
25,7.08,708,OK,HongKongChampionship2023
26,5.27,527,OK,HongKongChampionship2023
27,7.79,779,OK,HongKongChampionship2023
28,7.20,720,OK,HongKongChampionship2023
29,5.88,588,OK,HongKongChampionship2023
30,5.70,570,OK,HongKongChampionship2023
31,6.24,624,OK,HongKongChampionship2023
32,6.00,600,OK,HongKongChampionship2023
33,6.14,614,OK,HongKongChampionship2023
34,7.12,712,OK,HongKongChampionship2023
35,7.14,714,OK,HongKongChampionship2023
36,6.60,660,OK,HongKongChampionship2023
37,6.96,696,OK,HongKongChampionship2023
38,5.72,572,OK,HongKongChampionship2023
39,6.30,630,OK,HongKongChampionship2023
40,6.55,655,OK,HongKongChampionship2023
41,5.86,586,OK,ChongqingOpen2023
42,5.81,581,OK,ChongqingOpen2023
43,5.85,585,OK,ChongqingOpen2023
44,DNF,DNF,DNF,ChongqingOpen2023
45,5.80,580,OK,ChongqingOpen2023
46,6.76,676,OK,ChongqingOpen2023
47,5.85,585,OK,ChongqingOpen2023
48,6.77,677,OK,ChongqingOpen2023
49,7.42,742,OK,ChongqingOpen2023
50,7.00,700,OK,ChongqingOpen2023
51,5.88,588,OK,ChongqingOpen2023
52,6.60,660,OK,ChongqingOpen2023
53,7.24,724,OK,ChongqingOpen2023
54,6.69,669,OK,ChongqingOpen2023
55,5.28,528,OK,ChongqingOpen2023
56,7.30,730,OK,HefeiWinterOpen2023
57,7.68,768,OK,HefeiWinterOpen2023
58,6.34,634,OK,HefeiWinterOpen2023
59,6.04,604,OK,HefeiWinterOpen2023
60,7.07,707,OK,HefeiWinterOpen2023
61,5.63,563,OK,HefeiWinterOpen2023
62,6.17,617,OK,HefeiWinterOpen2023
63,6.88,688,OK,HefeiWinterOpen2023
64,6.68,668,OK,HefeiWinterOpen2023
65,DNF,DNF,DNF,HefeiWinterOpen2023
66,5.81,581,OK,HefeiWinterOpen2023
67,6.00,600,OK,HefeiWinterOpen2023
68,5.45,545,OK,HefeiWinterOpen2023
69,6.10,610,OK,HefeiWinterOpen2023
70,5.41,541,OK,HefeiWinterOpen2023
71,5.62,562,OK,HangzhouSpring2024
72,5.58,558,OK,HangzhouSpring2024
73,5.69,569,OK,HangzhouSpring2024
74,5.21,521,OK,HangzhouSpring2024
75,6.30,630,OK,HangzhouSpring2024
76,5.67,567,OK,HangzhouSpring2024
77,5.99,599,OK,HangzhouSpring2024
78,5.32,532,OK,HangzhouSpring2024
79,5.39,539,OK,HangzhouSpring2024
80,5.51,551,OK,HangzhouSpring2024
81,5.89,589,OK,HangzhouSpring2024
82,5.22,522,OK,HangzhouSpring2024
83,4.64,464,OK,HangzhouSpring2024
84,5.92,592,OK,HangzhouSpring2024
85,5.77,577,OK,HangzhouSpring2024
86,6.25,625,OK,LuoyangSpring2024
87,5.02,502,OK,LuoyangSpring2024
88,6.18,618,OK,LuoyangSpring2024
89,5.42,542,OK,LuoyangSpring2024
90,4.93,493,OK,LuoyangSpring2024
91,6.03,603,OK,LuoyangSpring2024
92,6.01,601,OK,LuoyangSpring2024
93,5.14,514,OK,LuoyangSpring2024
94,6.81,681,OK,LuoyangSpring2024
95,5.74,574,OK,LuoyangSpring2024
96,5.22,522,OK,LuoyangSpring2024
97,7.02,702,OK,LuoyangSpring2024
98,6.37,637,OK,LuoyangSpring2024
99,6.56,656,OK,LuoyangSpring2024
100,5.70,570,OK,LuoyangSpring2024
101,5.02,502,OK,XuzhouOpen2024
102,4.93,493,OK,XuzhouOpen2024
103,6.63,663,OK,XuzhouOpen2024
104,5.93,593,OK,XuzhouOpen2024
105,6.15,615,OK,XuzhouOpen2024
106,5.07,507,OK,XuzhouOpen2024
107,5.57,557,OK,XuzhouOpen2024
108,4.60,460,OK,XuzhouOpen2024
109,6.26,626,OK,XuzhouOpen2024
110,5.41,541,OK,XuzhouOpen2024
111,4.87,487,OK,XuzhouOpen2024
112,5.91,591,OK,XuzhouOpen2024
113,6.96,696,OK,XuzhouOpen2024
114,6.00,600,OK,XuzhouOpen2024
115,5.10,510,OK,XuzhouOpen2024
116,5.48,548,OK,XianCherryBlossom2024
117,4.97,497,OK,XianCherryBlossom2024
118,5.80,580,OK,XianCherryBlossom2024
119,4.22,422,OK,XianCherryBlossom2024
120,4.96,496,OK,XianCherryBlossom2024
121,5.68,568,OK,XianCherryBlossom2024
122,4.94,494,OK,XianCherryBlossom2024
123,5.92,592,OK,XianCherryBlossom2024
124,5.38,538,OK,XianCherryBlossom2024
125,5.07,507,OK,XianCherryBlossom2024
126,5.64,564,OK,XianCherryBlossom2024
127,5.32,532,OK,XianCherryBlossom2024
128,7.25,725,OK,XianCherryBlossom2024
129,5.02,502,OK,XianCherryBlossom2024
130,5.49,549,OK,XianCherryBlossom2024
131,5.87,587,OK,KunshanOpen2024
132,5.34,534,OK,KunshanOpen2024
133,5.60,560,OK,KunshanOpen2024
134,5.18,518,OK,KunshanOpen2024
135,6.51,651,OK,KunshanOpen2024
136,5.65,565,OK,KunshanOpen2024
137,5.38,538,OK,KunshanOpen2024
138,7.00,700,OK,KunshanOpen2024
139,6.25,625,OK,KunshanOpen2024
140,6.00,600,OK,KunshanOpen2024
141,5.48,548,OK,KunshanOpen2024
142,5.28,528,OK,KunshanOpen2024
143,5.31,531,OK,KunshanOpen2024
144,5.28,528,OK,KunshanOpen2024
145,5.28,528,OK,KunshanOpen2024
146,6.31,631,OK,NanchangSpring2024
147,5.33,533,OK,NanchangSpring2024
148,5.43,543,OK,NanchangSpring2024
149,5.14,514,OK,NanchangSpring2024
150,5.30,530,OK,NanchangSpring2024
151,5.93,593,OK,NanchangSpring2024
152,5.79,579,OK,NanchangSpring2024
153,8.77,877,OK,NanchangSpring2024
154,5.82,582,OK,NanchangSpring2024
155,5.28,528,OK,NanchangSpring2024
156,5.88,588,OK,NanchangSpring2024
157,4.58,458,OK,NanchangSpring2024
158,6.21,621,OK,NanchangSpring2024
159,5.60,560,OK,NanchangSpring2024
160,5.84,584,OK,NanchangSpring2024
161,6.14,614,OK,ZiboOpen2024
162,5.06,506,OK,ZiboOpen2024
163,5.30,530,OK,ZiboOpen2024
164,6.19,619,OK,ZiboOpen2024
165,4.91,491,OK,ZiboOpen2024
166,5.17,517,OK,ZiboOpen2024
167,6.67,667,OK,ZiboOpen2024
168,5.41,541,OK,ZiboOpen2024
169,5.16,516,OK,ZiboOpen2024
170,5.72,572,OK,ZiboOpen2024
171,5.78,578,OK,ZiboOpen2024
172,5.23,523,OK,ZiboOpen2024
173,8.47,847,OK,ZiboOpen2024
174,4.86,486,OK,ZiboOpen2024
175,5.91,591,OK,ZiboOpen2024
176,6.57,657,OK,GuiyangOpen2024
177,5.35,535,OK,GuiyangOpen2024
178,6.24,624,OK,GuiyangOpen2024
179,5.56,556,OK,GuiyangOpen2024
180,5.57,557,OK,GuiyangOpen2024
181,6.50,650,OK,GuiyangOpen2024
182,5.95,595,OK,GuiyangOpen2024
183,DNF,DNF,DNF,GuiyangOpen2024
184,4.99,499,OK,GuiyangOpen2024
185,5.36,536,OK,GuiyangOpen2024
186,5.08,508,OK,GuiyangOpen2024
187,5.23,523,OK,GuiyangOpen2024
188,4.84,484,OK,GuiyangOpen2024
189,5.30,530,OK,GuiyangOpen2024
190,5.19,519,OK,GuiyangOpen2024
191,5.36,536,OK,TianjinOpen2024
192,5.04,504,OK,TianjinOpen2024
193,5.94,594,OK,TianjinOpen2024
194,5.84,584,OK,TianjinOpen2024
195,6.60,660,OK,TianjinOpen2024
196,5.15,515,OK,TianjinOpen2024
197,6.03,603,OK,TianjinOpen2024
198,5.18,518,OK,TianjinOpen2024
199,3.54,354,OK,TianjinOpen2024
200,6.15,615,OK,TianjinOpen2024
201,7.40,740,OK,TianjinOpen2024
202,5.70,570,OK,TianjinOpen2024
203,5.30,530,OK,TianjinOpen2024
204,6.07,607,OK,TianjinOpen2024
205,4.49,449,OK,TianjinOpen2024
206,4.96,496,OK,ShenzhenNanshanOpen2024
207,6.24,624,OK,ShenzhenNanshanOpen2024
208,4.72,472,OK,ShenzhenNanshanOpen2024
209,6.51,651,OK,ShenzhenNanshanOpen2024
210,6.18,618,OK,ShenzhenNanshanOpen2024
211,5.19,519,OK,ShenzhenNanshanOpen2024
212,4.83,483,OK,ShenzhenNanshanOpen2024
213,5.78,578,OK,ShenzhenNanshanOpen2024
214,6.13,613,OK,ShenzhenNanshanOpen2024
215,6.21,621,OK,ShenzhenNanshanOpen2024
216,6.43,643,OK,ShenzhenNanshanOpen2024
217,6.03,603,OK,ShenzhenNanshanOpen2024
218,5.88,588,OK,ShenzhenNanshanOpen2024
219,5.25,525,OK,ShenzhenNanshanOpen2024
220,6.07,607,OK,ShenzhenNanshanOpen2024
221,5.45,545,OK,ChengduSummer2024
222,5.02,502,OK,ChengduSummer2024
223,4.41,441,OK,ChengduSummer2024
224,5.40,540,OK,ChengduSummer2024
225,4.11,411,OK,ChengduSummer2024
226,4.95,495,OK,ChengduSummer2024
227,5.57,557,OK,ChengduSummer2024
228,4.80,480,OK,ChengduSummer2024
229,5.59,559,OK,ChengduSummer2024
230,5.59,559,OK,ChengduSummer2024
231,5.47,547,OK,ChengduSummer2024
232,5.84,584,OK,ChengduSummer2024
233,5.48,548,OK,ChengduSummer2024
234,4.86,486,OK,ChengduSummer2024
235,5.72,572,OK,ChengduSummer2024
236,5.40,540,OK,Huizhou10thAnniversary2024
237,5.28,528,OK,Huizhou10thAnniversary2024
238,5.02,502,OK,Huizhou10thAnniversary2024
239,5.51,551,OK,Huizhou10thAnniversary2024
240,4.88,488,OK,Huizhou10thAnniversary2024
241,5.83,583,OK,Huizhou10thAnniversary2024
242,5.15,515,OK,Huizhou10thAnniversary2024
243,6.84,684,OK,Huizhou10thAnniversary2024
244,5.43,543,OK,Huizhou10thAnniversary2024
245,4.56,456,OK,Huizhou10thAnniversary2024
246,6.27,627,OK,Huizhou10thAnniversary2024
247,4.81,481,OK,Huizhou10thAnniversary2024
248,5.14,514,OK,Huizhou10thAnniversary2024
249,5.10,510,OK,Huizhou10thAnniversary2024
250,5.50,550,OK,Huizhou10thAnniversary2024
251,7.37,737,OK,Huizhou10thAnniversary2024
252,4.30,430,OK,Huizhou10thAnniversary2024
253,5.92,592,OK,Huizhou10thAnniversary2024
254,5.39,539,OK,Huizhou10thAnniversary2024
255,4.56,456,OK,Huizhou10thAnniversary2024
256,5.15,515,OK,XianOpen2024
257,6.48,648,OK,XianOpen2024
258,5.50,550,OK,XianOpen2024
259,5.53,553,OK,XianOpen2024
260,5.17,517,OK,XianOpen2024
261,5.13,513,OK,XianOpen2024
262,4.42,442,OK,XianOpen2024
263,4.63,463,OK,XianOpen2024
264,6.52,652,OK,XianOpen2024
265,4.67,467,OK,XianOpen2024
266,5.83,583,OK,XianOpen2024
267,4.10,410,OK,XianOpen2024
268,5.54,554,OK,XianOpen2024
269,8.01,801,OK,XianOpen2024
270,6.70,670,OK,XianOpen2024
271,5.29,529,OK,XianOpen2024
272,5.52,552,OK,XianOpen2024
273,4.96,496,OK,XianOpen2024
274,6.13,613,OK,XianOpen2024
275,4.23,423,OK,XianOpen2024
276,5.45,545,OK,DeqingSmallCubesSummer2024
277,4.47,447,OK,DeqingSmallCubesSummer2024
278,7.35,735,OK,DeqingSmallCubesSummer2024
279,6.52,652,OK,DeqingSmallCubesSummer2024
280,5.13,513,OK,DeqingSmallCubesSummer2024
281,5.25,525,OK,DeqingSmallCubesSummer2024
282,4.90,490,OK,DeqingSmallCubesSummer2024
283,4.34,434,OK,DeqingSmallCubesSummer2024
284,5.94,594,OK,DeqingSmallCubesSummer2024
285,4.39,439,OK,DeqingSmallCubesSummer2024
286,4.93,493,OK,DeqingSmallCubesSummer2024
287,5.58,558,OK,DeqingSmallCubesSummer2024
288,5.11,511,OK,DeqingSmallCubesSummer2024
289,5.38,538,OK,DeqingSmallCubesSummer2024
290,4.85,485,OK,DeqingSmallCubesSummer2024
291,5.99,599,OK,DalianOpen2024
292,4.93,493,OK,DalianOpen2024
293,4.64,464,OK,DalianOpen2024
294,DNF,DNF,DNF,DalianOpen2024
295,4.95,495,OK,DalianOpen2024
296,5.21,521,OK,DalianOpen2024
297,4.42,442,OK,DalianOpen2024
298,4.54,454,OK,DalianOpen2024
299,5.28,528,OK,DalianOpen2024
300,5.25,525,OK,DalianOpen2024
301,7.90,790,OK,DalianOpen2024
302,5.45,545,OK,DalianOpen2024
303,4.69,469,OK,DalianOpen2024
304,5.11,511,OK,DalianOpen2024
305,6.33,633,OK,DalianOpen2024
306,4.99,499,OK,XuzhouAutumn2024
307,5.19,519,OK,XuzhouAutumn2024
308,4.83,483,OK,XuzhouAutumn2024
309,4.76,476,OK,XuzhouAutumn2024
310,6.13,613,OK,XuzhouAutumn2024
311,5.83,583,OK,XuzhouAutumn2024
312,5.06,506,OK,XuzhouAutumn2024
313,4.65,465,OK,XuzhouAutumn2024
314,5.29,529,OK,XuzhouAutumn2024
315,5.68,568,OK,XuzhouAutumn2024
316,5.94,594,OK,XuzhouAutumn2024
317,5.38,538,OK,XuzhouAutumn2024
318,4.48,448,OK,XuzhouAutumn2024
319,4.45,445,OK,XuzhouAutumn2024
320,4.25,425,OK,XuzhouAutumn2024
321,4.47,447,OK,XuzhouAutumn2024
322,5.34,534,OK,XuzhouAutumn2024
323,4.95,495,OK,XuzhouAutumn2024
324,7.26,726,OK,XuzhouAutumn2024
325,5.11,511,OK,XuzhouAutumn2024
326,5.26,526,OK,GuilinOpen2024
327,5.23,523,OK,GuilinOpen2024
328,4.71,471,OK,GuilinOpen2024
329,5.05,505,OK,GuilinOpen2024
330,5.12,512,OK,GuilinOpen2024
331,5.07,507,OK,GuilinOpen2024
332,5.46,546,OK,GuilinOpen2024
333,4.81,481,OK,GuilinOpen2024
334,4.69,469,OK,GuilinOpen2024
335,4.40,440,OK,GuilinOpen2024
336,5.00,500,OK,GuilinOpen2024
337,5.07,507,OK,GuilinOpen2024
338,4.61,461,OK,GuilinOpen2024
339,5.26,526,OK,GuilinOpen2024
340,5.59,559,OK,GuilinOpen2024
341,5.22,522,OK,HarbinOpen2024
342,5.33,533,OK,HarbinOpen2024
343,5.55,555,OK,HarbinOpen2024
344,5.41,541,OK,HarbinOpen2024
345,5.62,562,OK,HarbinOpen2024
346,5.66,566,OK,HarbinOpen2024
347,5.03,503,OK,HarbinOpen2024
348,5.86,586,OK,HarbinOpen2024
349,5.50,550,OK,HarbinOpen2024
350,4.81,481,OK,HarbinOpen2024
351,4.99,499,OK,HarbinOpen2024
352,5.23,523,OK,HarbinOpen2024
353,6.94,694,OK,HarbinOpen2024
354,5.49,549,OK,HarbinOpen2024
355,4.45,445,OK,HarbinOpen2024
356,4.31,431,OK,RubiksWCAAsianChampionship2024
357,5.23,523,OK,RubiksWCAAsianChampionship2024
358,5.07,507,OK,RubiksWCAAsianChampionship2024
359,4.99,499,OK,RubiksWCAAsianChampionship2024
360,DNF,DNF,DNF,RubiksWCAAsianChampionship2024
361,4.61,461,OK,RubiksWCAAsianChampionship2024
362,5.49,549,OK,RubiksWCAAsianChampionship2024
363,4.72,472,OK,RubiksWCAAsianChampionship2024
364,5.09,509,OK,RubiksWCAAsianChampionship2024
365,5.51,551,OK,RubiksWCAAsianChampionship2024
366,5.03,503,OK,RubiksWCAAsianChampionship2024
367,5.75,575,OK,RubiksWCAAsianChampionship2024
368,4.82,482,OK,RubiksWCAAsianChampionship2024
369,7.21,721,OK,RubiksWCAAsianChampionship2024
370,4.93,493,OK,RubiksWCAAsianChampionship2024
371,6.13,613,OK,RubiksWCAAsianChampionship2024
372,4.81,481,OK,RubiksWCAAsianChampionship2024
373,4.84,484,OK,RubiksWCAAsianChampionship2024
374,5.00,500,OK,RubiksWCAAsianChampionship2024
375,5.64,564,OK,RubiksWCAAsianChampionship2024
376,4.85,485,OK,HongKongChampionship2024
377,4.94,494,OK,HongKongChampionship2024
378,4.95,495,OK,HongKongChampionship2024
379,4.38,438,OK,HongKongChampionship2024
380,4.79,479,OK,HongKongChampionship2024
381,4.63,463,OK,HongKongChampionship2024
382,6.19,619,OK,HongKongChampionship2024
383,5.81,581,OK,HongKongChampionship2024
384,5.60,560,OK,HongKongChampionship2024
385,5.48,548,OK,HongKongChampionship2024
386,4.96,496,OK,HongKongChampionship2024
387,5.18,518,OK,HongKongChampionship2024
388,5.30,530,OK,HongKongChampionship2024
389,5.02,502,OK,HongKongChampionship2024
390,4.85,485,OK,HongKongChampionship2024
391,5.50,550,OK,HongKongChampionship2024
392,5.52,552,OK,HongKongChampionship2024
393,4.45,445,OK,HongKongChampionship2024
394,6.60,660,OK,HongKongChampionship2024
395,5.28,528,OK,HongKongChampionship2024
396,4.95,495,OK,ShenzhenOpen2024
397,4.84,484,OK,ShenzhenOpen2024
398,4.57,457,OK,ShenzhenOpen2024
399,4.87,487,OK,ShenzhenOpen2024
400,5.76,576,OK,ShenzhenOpen2024
401,5.93,593,OK,ShenzhenOpen2024
402,5.42,542,OK,ShenzhenOpen2024
403,4.92,492,OK,ShenzhenOpen2024
404,7.07,707,OK,ShenzhenOpen2024
405,5.27,527,OK,ShenzhenOpen2024
406,6.24,624,OK,ShenzhenOpen2024
407,5.48,548,OK,ShenzhenOpen2024
408,6.35,635,OK,ShenzhenOpen2024
409,5.97,597,OK,ShenzhenOpen2024
410,5.44,544,OK,ShenzhenOpen2024
411,4.89,489,OK,ZhengzhouOpen2024
412,5.46,546,OK,ZhengzhouOpen2024
413,5.29,529,OK,ZhengzhouOpen2024
414,4.90,490,OK,ZhengzhouOpen2024
415,4.32,432,OK,ZhengzhouOpen2024
416,5.79,579,OK,ZhengzhouOpen2024
417,5.82,582,OK,ZhengzhouOpen2024
418,5.39,539,OK,ZhengzhouOpen2024
419,3.49,349,OK,ZhengzhouOpen2024
420,5.35,535,OK,ZhengzhouOpen2024
421,5.57,557,OK,ZhengzhouOpen2024
422,5.04,504,OK,ZhengzhouOpen2024
423,3.81,381,OK,ZhengzhouOpen2024
424,4.09,409,OK,ZhengzhouOpen2024
425,5.24,524,OK,ZhengzhouOpen2024
426,4.64,464,OK,HangzhouOpen2024
427,4.66,466,OK,HangzhouOpen2024
428,5.83,583,OK,HangzhouOpen2024
429,4.15,415,OK,HangzhouOpen2024
430,6.09,609,OK,HangzhouOpen2024
431,3.89,389,OK,HangzhouOpen2024
432,3.90,390,OK,HangzhouOpen2024
433,5.17,517,OK,HangzhouOpen2024
434,4.02,402,OK,HangzhouOpen2024
435,5.03,503,OK,HangzhouOpen2024
436,4.64,464,OK,HangzhouOpen2024
437,5.34,534,OK,HangzhouOpen2024
438,5.11,511,OK,HangzhouOpen2024
439,4.80,480,OK,HangzhouOpen2024
440,5.51,551,OK,HangzhouOpen2024
441,4.65,465,OK,YanchengOpen2024
442,4.25,425,OK,YanchengOpen2024
443,4.27,427,OK,YanchengOpen2024
444,4.02,402,OK,YanchengOpen2024
445,4.59,459,OK,YanchengOpen2024
446,4.97,497,OK,YanchengOpen2024
447,4.25,425,OK,YanchengOpen2024
448,4.54,454,OK,YanchengOpen2024
449,4.85,485,OK,YanchengOpen2024
450,4.35,435,OK,YanchengOpen2024
451,5.29,529,OK,YanchengOpen2024
452,5.06,506,OK,YanchengOpen2024
453,4.82,482,OK,YanchengOpen2024
454,4.87,487,OK,YanchengOpen2024
455,4.64,464,OK,YanchengOpen2024
456,5.71,571,OK,XianNewYear2025
457,4.99,499,OK,XianNewYear2025
458,5.39,539,OK,XianNewYear2025
459,4.27,427,OK,XianNewYear2025
460,3.88,388,OK,XianNewYear2025
461,4.95,495,OK,XianNewYear2025
462,4.89,489,OK,XianNewYear2025
463,5.38,538,OK,XianNewYear2025
464,4.62,462,OK,XianNewYear2025
465,7.07,707,OK,XianNewYear2025
466,6.70,670,OK,XianNewYear2025
467,4.34,434,OK,XianNewYear2025
468,5.63,563,OK,XianNewYear2025
469,5.30,530,OK,XianNewYear2025
470,6.32,632,OK,XianNewYear2025
471,6.56,656,OK,ChongqingNewYear2025
472,4.54,454,OK,ChongqingNewYear2025
473,5.56,556,OK,ChongqingNewYear2025
474,6.77,677,OK,ChongqingNewYear2025
475,6.26,626,OK,ChongqingNewYear2025
476,7.02,702,OK,ChongqingNewYear2025
477,4.80,480,OK,ChongqingNewYear2025
478,5.53,553,OK,ChongqingNewYear2025
479,5.30,530,OK,ChongqingNewYear2025
480,5.94,594,OK,ChongqingNewYear2025
481,4.89,489,OK,ChongqingNewYear2025
482,4.88,488,OK,ChongqingNewYear2025
483,5.12,512,OK,ChongqingNewYear2025
484,4.92,492,OK,ChongqingNewYear2025
485,5.32,532,OK,ChongqingNewYear2025
486,4.16,416,OK,ChengduSpringOpen2025
487,3.55,355,OK,ChengduSpringOpen2025
488,4.39,439,OK,ChengduSpringOpen2025
489,5.59,559,OK,ChengduSpringOpen2025
490,4.66,466,OK,ChengduSpringOpen2025
491,5.86,586,OK,ChengduSpringOpen2025
492,4.36,436,OK,ChengduSpringOpen2025
493,5.05,505,OK,ChengduSpringOpen2025
494,4.84,484,OK,ChengduSpringOpen2025
495,5.12,512,OK,ChengduSpringOpen2025
496,4.00,400,OK,ChengduSpringOpen2025
497,5.21,521,OK,ChengduSpringOpen2025
498,5.41,541,OK,ChengduSpringOpen2025
499,6.10,610,OK,ChengduSpringOpen2025
500,3.99,399,OK,ChengduSpringOpen2025
501,4.37,437,OK,ChengduSpringOpen2025
502,5.87,587,OK,ChengduSpringOpen2025
503,5.15,515,OK,ChengduSpringOpen2025
504,5.08,508,OK,ChengduSpringOpen2025
505,3.94,394,OK,ChengduSpringOpen2025
506,4.94,494,OK,LuoyangSpring2025
507,5.32,532,OK,LuoyangSpring2025
508,4.96,496,OK,LuoyangSpring2025
509,4.72,472,OK,LuoyangSpring2025
510,4.81,481,OK,LuoyangSpring2025
511,5.06,506,OK,LuoyangSpring2025
512,5.36,536,OK,LuoyangSpring2025
513,4.48,448,OK,LuoyangSpring2025
514,5.07,507,OK,LuoyangSpring2025
515,4.88,488,OK,LuoyangSpring2025
516,4.48,448,OK,LuoyangSpring2025
517,5.68,568,OK,LuoyangSpring2025
518,5.34,534,OK,LuoyangSpring2025
519,5.14,514,OK,LuoyangSpring2025
520,6.12,612,OK,LuoyangSpring2025
521,4.71,471,OK,LinhaiNewcomers2025
522,4.44,444,OK,LinhaiNewcomers2025
523,4.54,454,OK,LinhaiNewcomers2025
524,4.57,457,OK,LinhaiNewcomers2025
525,4.53,453,OK,LinhaiNewcomers2025
526,6.64,664,OK,LinhaiNewcomers2025
527,5.18,518,OK,LinhaiNewcomers2025
528,4.52,452,OK,LinhaiNewcomers2025
529,4.84,484,OK,LinhaiNewcomers2025
530,5.35,535,OK,LinhaiNewcomers2025
531,4.74,474,OK,XuzhouNewcomers2025
532,5.28,528,OK,XuzhouNewcomers2025
533,4.59,459,OK,XuzhouNewcomers2025
534,6.21,621,OK,XuzhouNewcomers2025
535,3.58,358,OK,XuzhouNewcomers2025
536,4.59,459,OK,XuzhouNewcomers2025
537,5.72,572,OK,XuzhouNewcomers2025
538,4.63,463,OK,XuzhouNewcomers2025
539,4.95,495,OK,XuzhouNewcomers2025
540,5.22,522,OK,XuzhouNewcomers2025
541,5.02,502,OK,XuzhouNewcomers2025
542,3.61,361,OK,XuzhouNewcomers2025
543,4.92,492,OK,XuzhouNewcomers2025
544,4.86,486,OK,XuzhouNewcomers2025
545,4.85,485,OK,XuzhouNewcomers2025
546,5.06,506,OK,XianCherryBlossom2025
547,4.46,446,OK,XianCherryBlossom2025
548,4.77,477,OK,XianCherryBlossom2025
549,4.18,418,OK,XianCherryBlossom2025
550,5.58,558,OK,XianCherryBlossom2025
551,4.72,472,OK,XianCherryBlossom2025
552,4.88,488,OK,XianCherryBlossom2025
553,5.05,505,OK,XianCherryBlossom2025
554,7.29,729,OK,XianCherryBlossom2025
555,4.44,444,OK,XianCherryBlossom2025
556,4.16,416,OK,XianCherryBlossom2025
557,6.17,617,OK,XianCherryBlossom2025
558,4.01,401,OK,XianCherryBlossom2025
559,4.92,492,OK,XianCherryBlossom2025
560,4.86,486,OK,XianCherryBlossom2025
561,5.19,519,OK,XianCherryBlossom2025
562,5.19,519,OK,XianCherryBlossom2025
563,4.58,458,OK,XianCherryBlossom2025
564,4.70,470,OK,XianCherryBlossom2025
565,4.72,472,OK,XianCherryBlossom2025
566,5.10,510,OK,ShenyangSpring2025
567,4.16,416,OK,ShenyangSpring2025
568,3.91,391,OK,ShenyangSpring2025
569,5.31,531,OK,ShenyangSpring2025
570,5.50,550,OK,ShenyangSpring2025
571,4.24,424,OK,ShenyangSpring2025
572,4.69,469,OK,ShenyangSpring2025
573,3.05,305,OK,ShenyangSpring2025
574,4.57,457,OK,ShenyangSpring2025
575,4.46,446,OK,ShenyangSpring2025
576,5.11,511,OK,ShenyangSpring2025
577,4.41,441,OK,ShenyangSpring2025
578,4.67,467,OK,ShenyangSpring2025
579,5.50,550,OK,ShenyangSpring2025
580,5.96,596,OK,ShenyangSpring2025
581,5.81,581,OK,NanchangSpring2025
582,4.56,456,OK,NanchangSpring2025
583,5.06,506,OK,NanchangSpring2025
584,4.68,468,OK,NanchangSpring2025
585,4.82,482,OK,NanchangSpring2025
586,4.67,467,OK,NanchangSpring2025
587,4.87,487,OK,NanchangSpring2025
588,5.30,530,OK,NanchangSpring2025
589,5.30,530,OK,NanchangSpring2025
590,5.64,564,OK,NanchangSpring2025
591,5.95,595,OK,NanchangSpring2025
592,4.70,470,OK,NanchangSpring2025
593,4.35,435,OK,NanchangSpring2025
594,4.67,467,OK,NanchangSpring2025
595,4.82,482,OK,NanchangSpring2025
596,4.48,448,OK,BeijingSummer2025
597,4.50,450,OK,BeijingSummer2025
598,5.62,562,OK,BeijingSummer2025
599,4.14,414,OK,BeijingSummer2025
600,4.47,447,OK,BeijingSummer2025
601,4.54,454,OK,BeijingSummer2025
602,5.63,563,OK,BeijingSummer2025
603,5.25,525,OK,BeijingSummer2025
604,4.00,400,OK,BeijingSummer2025
605,4.73,473,OK,BeijingSummer2025
606,4.02,402,OK,BeijingSummer2025
607,5.67,567,OK,BeijingSummer2025
608,4.40,440,OK,BeijingSummer2025
609,4.59,459,OK,BeijingSummer2025
610,4.23,423,OK,BeijingSummer2025
611,4.90,490,OK,BeijingSummer2025
612,4.39,439,OK,BeijingSummer2025
613,4.88,488,OK,BeijingSummer2025
614,5.31,531,OK,BeijingSummer2025
615,4.04,404,OK,BeijingSummer2025
616,4.60,460,OK,LishuiOpen2025
617,5.78,578,OK,LishuiOpen2025
618,5.11,511,OK,LishuiOpen2025
619,5.17,517,OK,LishuiOpen2025
620,4.02,402,OK,LishuiOpen2025
621,4.43,443,OK,LishuiOpen2025
622,5.31,531,OK,LishuiOpen2025
623,3.98,398,OK,LishuiOpen2025
624,4.61,461,OK,LishuiOpen2025
625,5.21,521,OK,LishuiOpen2025
626,4.47,447,OK,LishuiOpen2025
627,4.41,441,OK,LishuiOpen2025
628,4.14,414,OK,LishuiOpen2025
629,5.45,545,OK,LishuiOpen2025
630,5.68,568,OK,LishuiOpen2025
631,4.08,408,OK,YanchengOpen2025
632,5.49,549,OK,YanchengOpen2025
633,4.58,458,OK,YanchengOpen2025
634,5.17,517,OK,YanchengOpen2025
635,5.55,555,OK,YanchengOpen2025
636,4.26,426,OK,YanchengOpen2025
637,4.17,417,OK,YanchengOpen2025
638,4.71,471,OK,YanchengOpen2025
639,4.96,496,OK,YanchengOpen2025
640,5.45,545,OK,YanchengOpen2025
641,4.87,487,OK,YanchengOpen2025
642,4.50,450,OK,YanchengOpen2025
643,4.66,466,OK,YanchengOpen2025
644,4.20,420,OK,YanchengOpen2025
645,4.60,460,OK,YanchengOpen2025
646,4.66,466,OK,ZhuhaiOpen2025
647,4.39,439,OK,ZhuhaiOpen2025
648,5.85,585,OK,ZhuhaiOpen2025
649,4.70,470,OK,ZhuhaiOpen2025
650,5.15,515,OK,ZhuhaiOpen2025
651,3.78,378,OK,ZhuhaiOpen2025
652,5.51,551,OK,ZhuhaiOpen2025
653,7.97,797,OK,ZhuhaiOpen2025
654,5.72,572,OK,ZhuhaiOpen2025
655,4.49,449,OK,ZhuhaiOpen2025
656,4.37,437,OK,ZhuhaiOpen2025
657,4.78,478,OK,ZhuhaiOpen2025
658,4.90,490,OK,ZhuhaiOpen2025
659,5.16,516,OK,ZhuhaiOpen2025
660,5.96,596,OK,ZhuhaiOpen2025
661,5.18,518,OK,WarmUpSeattle2025
662,4.22,422,OK,WarmUpSeattle2025
663,4.45,445,OK,WarmUpSeattle2025
664,6.45,645,OK,WarmUpSeattle2025
665,4.26,426,OK,WarmUpSeattle2025
666,4.65,465,OK,WarmUpSeattle2025
667,8.11,811,OK,WarmUpSeattle2025
668,5.45,545,OK,WarmUpSeattle2025
669,6.14,614,OK,WarmUpSeattle2025
670,3.94,394,OK,WarmUpSeattle2025
671,4.95,495,OK,WarmUpSeattle2025
672,4.29,429,OK,WarmUpSeattle2025
673,4.33,433,OK,WarmUpSeattle2025
674,4.89,489,OK,WarmUpSeattle2025
675,5.65,565,OK,WarmUpSeattle2025
676,4.73,473,OK,WarmUpSeattle2025
677,5.21,521,OK,WarmUpSeattle2025
678,5.01,501,OK,WarmUpSeattle2025
679,4.39,439,OK,WarmUpSeattle2025
680,5.08,508,OK,WarmUpSeattle2025
681,4.67,467,OK,WC2025
682,5.01,501,OK,WC2025
683,5.39,539,OK,WC2025
684,5.22,522,OK,WC2025
685,5.27,527,OK,WC2025
686,5.82,582,OK,WC2025
687,5.14,514,OK,WC2025
688,4.77,477,OK,WC2025
689,5.18,518,OK,WC2025
690,4.23,423,OK,WC2025
691,3.96,396,OK,WC2025
692,4.64,464,OK,WC2025
693,4.53,453,OK,WC2025
694,5.60,560,OK,WC2025
695,5.31,531,OK,WC2025
696,4.94,494,OK,WC2025
697,4.30,430,OK,WC2025
698,4.24,424,OK,WC2025
699,3.95,395,OK,WC2025
700,5.10,510,OK,WC2025
701,4.30,430,OK,TaizhouOpen2025
702,DNF,DNF,DNF,TaizhouOpen2025
703,4.09,409,OK,TaizhouOpen2025
704,4.39,439,OK,TaizhouOpen2025
705,5.42,542,OK,TaizhouOpen2025
706,3.94,394,OK,TaizhouOpen2025
707,5.14,514,OK,TaizhouOpen2025
708,4.17,417,OK,TaizhouOpen2025
709,3.45,345,OK,TaizhouOpen2025
710,6.56,656,OK,TaizhouOpen2025
711,5.17,517,OK,TaizhouOpen2025
712,5.32,532,OK,TaizhouOpen2025
713,5.14,514,OK,TaizhouOpen2025
714,4.80,480,OK,TaizhouOpen2025
715,5.30,530,OK,TaizhouOpen2025
716,5.35,535,OK,ZiboOpen2025
717,5.22,522,OK,ZiboOpen2025
718,5.11,511,OK,ZiboOpen2025
719,4.67,467,OK,ZiboOpen2025
720,4.85,485,OK,ZiboOpen2025
721,4.55,455,OK,ZiboOpen2025
722,4.32,432,OK,ZiboOpen2025
723,4.62,462,OK,ZiboOpen2025
724,5.54,554,OK,ZiboOpen2025
725,4.65,465,OK,ZiboOpen2025
726,4.46,446,OK,ZiboOpen2025
727,4.77,477,OK,ZiboOpen2025
728,4.54,454,OK,ZiboOpen2025
729,5.51,551,OK,ZiboOpen2025
730,3.93,393,OK,ZiboOpen2025
731,5.45,545,OK,VietnamChampionship2025
732,7.05,705,OK,VietnamChampionship2025
733,3.77,377,OK,VietnamChampionship2025
734,3.48,348,OK,VietnamChampionship2025
735,4.49,449,OK,VietnamChampionship2025
736,5.36,536,OK,VietnamChampionship2025
737,5.49,549,OK,VietnamChampionship2025
738,4.92,492,OK,VietnamChampionship2025
739,4.24,424,OK,VietnamChampionship2025
740,4.24,424,OK,VietnamChampionship2025
741,4.30,430,OK,VietnamChampionship2025
742,5.51,551,OK,VietnamChampionship2025
743,5.04,504,OK,VietnamChampionship2025
744,5.07,507,OK,VietnamChampionship2025
745,3.60,360,OK,VietnamChampionship2025
746,3.89,389,OK,VietnamChampionship2025
747,3.98,398,OK,VietnamChampionship2025
748,6.42,642,OK,VietnamChampionship2025
749,4.66,466,OK,VietnamChampionship2025
750,6.58,658,OK,VietnamChampionship2025
751,5.31,531,OK,JiangmenOpen2025
752,4.76,476,OK,JiangmenOpen2025
753,4.37,437,OK,JiangmenOpen2025
754,4.65,465,OK,JiangmenOpen2025
755,4.14,414,OK,JiangmenOpen2025
756,4.50,450,OK,JiangmenOpen2025
757,4.63,463,OK,JiangmenOpen2025
758,4.47,447,OK,JiangmenOpen2025
759,4.46,446,OK,JiangmenOpen2025
760,4.51,451,OK,JiangmenOpen2025
761,5.66,566,OK,JiangmenOpen2025
762,5.20,520,OK,JiangmenOpen2025
763,4.50,450,OK,JiangmenOpen2025
764,4.81,481,OK,JiangmenOpen2025
765,4.50,450,OK,JiangmenOpen2025
766,4.78,478,OK,NingboAutumn2025
767,5.37,537,OK,NingboAutumn2025
768,4.84,484,OK,NingboAutumn2025
769,4.29,429,OK,NingboAutumn2025
770,4.84,484,OK,NingboAutumn2025
771,4.58,458,OK,NingboAutumn2025
772,5.80,580,OK,NingboAutumn2025
773,4.78,478,OK,NingboAutumn2025
774,4.20,420,OK,NingboAutumn2025
775,4.45,445,OK,NingboAutumn2025
776,5.86,586,OK,NingboAutumn2025
777,4.88,488,OK,NingboAutumn2025
778,4.07,407,OK,NingboAutumn2025
779,4.72,472,OK,NingboAutumn2025
780,4.15,415,OK,NingboAutumn2025
781,3.89,389,OK,ShenyangAutumn2025
782,5.07,507,OK,ShenyangAutumn2025
783,3.73,373,OK,ShenyangAutumn2025
784,7.43,743,OK,ShenyangAutumn2025
785,4.59,459,OK,ShenyangAutumn2025
786,3.66,366,OK,ShenyangAutumn2025
787,4.89,489,OK,ShenyangAutumn2025
788,4.61,461,OK,ShenyangAutumn2025
789,4.65,465,OK,ShenyangAutumn2025
790,4.11,411,OK,ShenyangAutumn2025
791,3.88,388,OK,ShenyangAutumn2025
792,4.23,423,OK,ShenyangAutumn2025
793,5.77,577,OK,ShenyangAutumn2025
794,5.14,514,OK,ShenyangAutumn2025
795,3.66,366,OK,ShenyangAutumn2025
796,4.51,451,OK,KedahCubeOpen2025
797,4.54,454,OK,KedahCubeOpen2025
798,4.01,401,OK,KedahCubeOpen2025
799,5.61,561,OK,KedahCubeOpen2025
800,4.76,476,OK,KedahCubeOpen2025
801,3.99,399,OK,KedahCubeOpen2025
802,5.23,523,OK,KedahCubeOpen2025
803,4.49,449,OK,KedahCubeOpen2025
804,3.91,391,OK,KedahCubeOpen2025
805,4.32,432,OK,KedahCubeOpen2025
806,5.18,518,OK,KedahCubeOpen2025
807,4.35,435,OK,KedahCubeOpen2025
808,4.17,417,OK,KedahCubeOpen2025
809,4.28,428,OK,KedahCubeOpen2025
810,4.98,498,OK,KedahCubeOpen2025
811,4.81,481,OK,PHSJohorCubeOpen2025
812,5.29,529,OK,PHSJohorCubeOpen2025
813,4.20,420,OK,PHSJohorCubeOpen2025
814,4.65,465,OK,PHSJohorCubeOpen2025
815,4.10,410,OK,PHSJohorCubeOpen2025
816,5.35,535,OK,PHSJohorCubeOpen2025
817,4.39,439,OK,PHSJohorCubeOpen2025
818,4.22,422,OK,PHSJohorCubeOpen2025
819,6.06,606,OK,PHSJohorCubeOpen2025
820,4.61,461,OK,PHSJohorCubeOpen2025
821,3.82,382,OK,PHSJohorCubeOpen2025
822,4.48,448,OK,PHSJohorCubeOpen2025
823,4.55,455,OK,PHSJohorCubeOpen2025
824,5.64,564,OK,PHSJohorCubeOpen2025
825,4.48,448,OK,PHSJohorCubeOpen2025
826,4.70,470,OK,GuilinOpen2025
827,5.81,581,OK,GuilinOpen2025
828,3.77,377,OK,GuilinOpen2025
829,4.43,443,OK,GuilinOpen2025
830,4.96,496,OK,GuilinOpen2025
831,4.21,421,OK,GuilinOpen2025
832,4.95,495,OK,GuilinOpen2025
833,4.04,404,OK,GuilinOpen2025
834,4.46,446,OK,GuilinOpen2025
835,5.57,557,OK,GuilinOpen2025
836,4.85,485,OK,GuilinOpen2025
837,3.89,389,OK,GuilinOpen2025
838,5.24,524,OK,GuilinOpen2025
839,3.99,399,OK,GuilinOpen2025
840,5.20,520,OK,GuilinOpen2025
841,3.89,389,OK,HefeiOpen2025
842,5.94,594,OK,HefeiOpen2025
843,4.27,427,OK,HefeiOpen2025
844,DNF,DNF,DNF,HefeiOpen2025
845,4.76,476,OK,HefeiOpen2025
846,3.78,378,OK,HefeiOpen2025
847,5.33,533,OK,HefeiOpen2025
848,4.52,452,OK,HefeiOpen2025
849,4.40,440,OK,HefeiOpen2025
850,4.72,472,OK,HefeiOpen2025
851,4.53,453,OK,HefeiOpen2025
852,4.61,461,OK,HefeiOpen2025
853,4.72,472,OK,HefeiOpen2025
854,4.36,436,OK,HefeiOpen2025
855,4.85,485,OK,HefeiOpen2025
856,4.32,432,OK,GuangzhouSmallCubes2025
857,4.69,469,OK,GuangzhouSmallCubes2025
858,4.64,464,OK,GuangzhouSmallCubes2025
859,3.97,397,OK,GuangzhouSmallCubes2025
860,4.58,458,OK,GuangzhouSmallCubes2025
861,4.35,435,OK,GuangzhouSmallCubes2025
862,4.20,420,OK,GuangzhouSmallCubes2025
863,4.45,445,OK,GuangzhouSmallCubes2025
864,4.59,459,OK,GuangzhouSmallCubes2025
865,4.29,429,OK,GuangzhouSmallCubes2025
866,5.08,508,OK,GuangzhouSmallCubes2025
867,5.50,550,OK,GuangzhouSmallCubes2025
868,7.03,703,OK,GuangzhouSmallCubes2025
869,4.45,445,OK,GuangzhouSmallCubes2025
870,4.52,452,OK,GuangzhouSmallCubes2025
871,5.02,502,OK,GuangzhouSmallCubes2025
872,4.17,417,OK,GuangzhouSmallCubes2025
873,6.42,642,OK,GuangzhouSmallCubes2025
874,4.97,497,OK,GuangzhouSmallCubes2025
875,5.39,539,OK,GuangzhouSmallCubes2025
876,5.28,528,OK,HongKongChampionship2025
877,3.95,395,OK,HongKongChampionship2025
878,3.78,378,OK,HongKongChampionship2025
879,5.27,527,OK,HongKongChampionship2025
880,5.35,535,OK,HongKongChampionship2025
881,4.32,432,OK,HongKongChampionship2025
882,5.20,520,OK,HongKongChampionship2025
883,5.15,515,OK,HongKongChampionship2025
884,4.55,455,OK,HongKongChampionship2025
885,5.39,539,OK,HongKongChampionship2025
886,4.53,453,OK,HongKongChampionship2025
887,3.55,355,OK,HongKongChampionship2025
888,4.56,456,OK,HongKongChampionship2025
889,4.61,461,OK,HongKongChampionship2025
890,3.46,346,OK,HongKongChampionship2025
891,5.10,510,OK,HongKongChampionship2025
892,4.33,433,OK,HongKongChampionship2025
893,3.78,378,OK,HongKongChampionship2025
894,4.36,436,OK,HongKongChampionship2025
895,3.72,372,OK,HongKongChampionship2025
896,5.82,582,OK,BeijingOnly3x32025
897,4.98,498,OK,BeijingOnly3x32025
898,5.16,516,OK,BeijingOnly3x32025
899,4.10,410,OK,BeijingOnly3x32025
900,4.04,404,OK,BeijingOnly3x32025
901,4.46,446,OK,BeijingOnly3x32025
902,6.27,627,OK,BeijingOnly3x32025
903,4.07,407,OK,BeijingOnly3x32025
904,4.48,448,OK,BeijingOnly3x32025
905,4.48,448,OK,BeijingOnly3x32025
906,4.58,458,OK,BeijingOnly3x32025
907,3.56,356,OK,BeijingOnly3x32025
908,4.49,449,OK,BeijingOnly3x32025
909,4.40,440,OK,BeijingOnly3x32025
910,4.56,456,OK,BeijingOnly3x32025
911,3.56,356,OK,BeijingOnly3x32025
912,4.19,419,OK,BeijingOnly3x32025
913,5.28,528,OK,BeijingOnly3x32025
914,4.19,419,OK,BeijingOnly3x32025
915,4.07,407,OK,BeijingOnly3x32025
916,3.94,394,OK,HangzhouWinter2025
917,5.36,536,OK,HangzhouWinter2025
918,3.88,388,OK,HangzhouWinter2025
919,4.60,460,OK,HangzhouWinter2025
920,4.94,494,OK,HangzhouWinter2025
921,4.38,438,OK,HangzhouWinter2025
922,4.46,446,OK,HangzhouWinter2025
923,4.99,499,OK,HangzhouWinter2025
924,4.36,436,OK,HangzhouWinter2025
925,4.32,432,OK,HangzhouWinter2025
926,4.28,428,OK,HangzhouWinter2025
927,4.75,475,OK,HangzhouWinter2025
928,5.17,517,OK,HangzhouWinter2025
929,5.21,521,OK,HangzhouWinter2025
930,5.35,535,OK,HangzhouWinter2025
931,3.93,393,OK,HangzhouWinter2025
932,4.40,440,OK,HangzhouWinter2025
933,5.10,510,OK,HangzhouWinter2025
934,4.27,427,OK,HangzhouWinter2025
935,4.84,484,OK,HangzhouWinter2025
936,3.88,388,OK,ZhengzhouZest2025
937,4.73,473,OK,ZhengzhouZest2025
938,3.81,381,OK,ZhengzhouZest2025
939,5.88,588,OK,ZhengzhouZest2025
940,4.15,415,OK,ZhengzhouZest2025
941,4.20,420,OK,ZhengzhouZest2025
942,4.39,439,OK,ZhengzhouZest2025
943,4.51,451,OK,ZhengzhouZest2025
944,5.12,512,OK,ZhengzhouZest2025
945,3.80,380,OK,ZhengzhouZest2025
946,4.00,400,OK,ZhengzhouZest2025
947,4.88,488,OK,ZhengzhouZest2025
948,4.38,438,OK,ZhengzhouZest2025
949,4.82,482,OK,ZhengzhouZest2025
950,4.07,407,OK,ZhengzhouZest2025
951,3.99,399,OK,BeijingWinter2026
952,3.81,381,OK,BeijingWinter2026
953,4.72,472,OK,BeijingWinter2026
954,3.86,386,OK,BeijingWinter2026
955,6.62,662,OK,BeijingWinter2026
956,5.09,509,OK,BeijingWinter2026
957,3.96,396,OK,BeijingWinter2026
958,3.71,371,OK,BeijingWinter2026
959,3.84,384,OK,BeijingWinter2026
960,3.37,337,OK,BeijingWinter2026
961,5.16,516,OK,BeijingWinter2026
962,4.01,401,OK,BeijingWinter2026
963,4.46,446,OK,BeijingWinter2026
964,4.51,451,OK,BeijingWinter2026
965,4.67,467,OK,BeijingWinter2026
966,4.44,444,OK,BeijingWinter2026
967,4.36,436,OK,BeijingWinter2026
968,4.37,437,OK,BeijingWinter2026
969,4.61,461,OK,BeijingWinter2026
970,4.06,406,OK,BeijingWinter2026
971,3.93,393,OK,GuangdongRevivalRival2026
972,4.80,480,OK,GuangdongRevivalRival2026
973,4.48,448,OK,GuangdongRevivalRival2026
974,4.29,429,OK,GuangdongRevivalRival2026
975,4.25,425,OK,GuangdongRevivalRival2026
976,3.78,378,OK,GuangdongRevivalRival2026
977,4.96,496,OK,GuangdongRevivalRival2026
978,4.28,428,OK,GuangdongRevivalRival2026
979,3.41,341,OK,GuangdongRevivalRival2026
980,4.48,448,OK,GuangdongRevivalRival2026
981,4.77,477,OK,GuangdongRevivalRival2026
982,5.03,503,OK,GuangdongRevivalRival2026
983,5.05,505,OK,GuangdongRevivalRival2026
984,5.96,596,OK,GuangdongRevivalRival2026
985,4.61,461,OK,GuangdongRevivalRival2026
986,4.29,429,OK,GuangdongRevivalRival2026
987,5.16,516,OK,GuangdongRevivalRival2026
988,4.62,462,OK,GuangdongRevivalRival2026
989,4.28,428,OK,GuangdongRevivalRival2026
990,6.43,643,OK,GuangdongRevivalRival2026
991,4.06,406,OK,GuangdongRevivalRival2026
992,4.25,425,OK,GuangdongRevivalRival2026
993,4.38,438,OK,GuangdongRevivalRival2026
994,4.40,440,OK,GuangdongRevivalRival2026
995,4.24,424,OK,GuangdongRevivalRival2026
996,3.95,395,OK,GuangdongRevivalRival2026
997,3.91,391,OK,GuangdongRevivalRival2026
998,3.87,387,OK,GuangdongRevivalRival2026
999,3.29,329,OK,GuangdongRevivalRival2026
1000,3.60,360,OK,GuangdongRevivalRival2026
1001,4.02,402,OK,GuangdongRevivalRival2026
1002,5.67,567,OK,GuangdongRevivalRival2026
1003,4.55,455,OK,GuangdongRevivalRival2026
1004,5.17,517,OK,GuangdongRevivalRival2026
1005,4.33,433,OK,GuangdongRevivalRival2026
1006,3.83,383,OK,GuangdongRevivalRival2026
1007,5.25,525,OK,GuangdongRevivalRival2026
1008,3.86,386,OK,GuangdongRevivalRival2026
1009,6.38,638,OK,SingaporeChampionship2026
1010,4.69,469,OK,SingaporeChampionship2026
1011,3.73,373,OK,SingaporeChampionship2026
1012,4.49,449,OK,SingaporeChampionship2026
1013,4.96,496,OK,SingaporeChampionship2026
1014,4.55,455,OK,SingaporeChampionship2026
1015,4.82,482,OK,SingaporeChampionship2026
1016,3.82,382,OK,SingaporeChampionship2026
1017,5.09,509,OK,SingaporeChampionship2026
1018,4.27,427,OK,SingaporeChampionship2026
1019,4.35,435,OK,SingaporeChampionship2026
1020,4.69,469,OK,SingaporeChampionship2026
1021,4.21,421,OK,SingaporeChampionship2026
1022,4.13,413,OK,SingaporeChampionship2026
1023,4.31,431,OK,SingaporeChampionship2026
1024,5.13,513,OK,SingaporeChampionship2026
1025,3.67,367,OK,SingaporeChampionship2026
1026,4.09,409,OK,SingaporeChampionship2026
1027,4.70,470,OK,SingaporeChampionship2026
1028,4.02,402,OK,SingaporeChampionship2026
1029,3.58,358,OK,XianjuNxN2026
1030,5.48,548,OK,XianjuNxN2026
1031,5.02,502,OK,XianjuNxN2026
1032,4.70,470,OK,XianjuNxN2026
1033,4.96,496,OK,XianjuNxN2026
1034,4.88,488,OK,XianjuNxN2026
1035,4.05,405,OK,XianjuNxN2026
1036,5.02,502,OK,XianjuNxN2026
1037,3.98,398,OK,XianjuNxN2026
1038,4.58,458,OK,XianjuNxN2026
1039,4.46,446,OK,XianjuNxN2026
1040,3.97,397,OK,XianjuNxN2026
1041,5.26,526,OK,XianjuNxN2026
1042,4.24,424,OK,XianjuNxN2026
1043,4.43,443,OK,XianjuNxN2026
1044,5.23,523,OK,XianjuNxN2026
1045,4.42,442,OK,XianjuNxN2026
1046,4.09,409,OK,XianjuNxN2026
1047,4.02,402,OK,XianjuNxN2026
1048,4.26,426,OK,XianjuNxN2026
